algo,constrained,flag_data_T,rseed,K,eta0,beta0,T,eta,eta_aggr,beta,beta_aggr,auc,auc_aggr,loglik,loglik_aggr,CS_U,CS_V,CS_U_aggr,CS_V_aggr,F1_U,F1_V,F1_U_aggr,F1_V_aggr
CRepDyn_static0,False,0,100,3,0.5,0.2,1,0.0,0.0,0.2,0.2,0.8765644702439103,0.8756124458857096,-14454.632602031816,-14488.035938183923,0.7124777829006029,0.7281268792076377,0.7095416620840774,0.7188874695974007,0.6543,0.6737,0.6651,0.6621
CRepDyn_static0,False,0,100,3,0.5,0.2,2,0.0,0.0,0.8733902843299759,0.2,0.9103751063950964,0.9137165164290663,-7405.336267055799,-14425.581135565802,0.7496927826694334,0.7568019334213921,0.7608303259786052,0.7663199239281239,0.7038,0.7083,0.7121,0.718
CRepDyn_static0,False,0,100,3,0.5,0.2,3,0.0,0.0,0.7821211486061623,0.2,0.9274839751453556,0.9281798846078304,-5716.047382796593,-14661.66029364299,0.7931764124787065,0.801892823638121,0.7971456694943321,0.8016734994241538,0.748,0.7521,0.7553,0.7577
CRepDyn_static0,False,0,100,3,0.5,0.2,4,0.0,0.0,0.7146650146030624,0.2,0.8779742081233168,0.8790248573411393,-6359.497086460122,-16528.27748076275,0.8302123311445556,0.8294080618137657,0.8231438571997584,0.8229424702693413,0.796,0.787,0.7912,0.7775
CRepDyn_static0,False,0,100,3,0.5,0.2,5,0.0,0.0,0.6633257403189068,0.2,0.8764054361524749,0.8754111685891758,-5966.980531862092,-17040.904286229998,0.8150773090156683,0.8120071982957904,0.8119892458964861,0.8058745975397351,0.773,0.7725,0.7753,0.7646
CRepDyn_static0,False,0,100,3,0.5,0.2,6,0.0,0.0,0.623078445602692,0.2,0.8883333008713257,0.8873977549124195,-5470.122604800507,-17325.088834959595,0.8063444884512241,0.8078559017285957,0.8087989957768489,0.8057365700658042,0.7739,0.7606,0.778,0.7572
