algo,constrained,flag_data_T,rseed,K,eta0,beta0,T,eta,eta_aggr,beta,beta_aggr,auc,auc_aggr,loglik,loglik_aggr,CS_U,CS_V,CS_U_aggr,CS_V_aggr,F1_U,F1_V,F1_U_aggr,F1_V_aggr
CRepDyn_static0,False,0,100,3,0.05,0.2,1,0.0,0.0,0.2,0.2,0.9163162618658085,0.9121555324534759,-13582.772026967965,-13621.43078366854,0.7043227942550293,0.7293126180466329,0.7087651829454348,0.7406333035343157,0.6467,0.6785,0.6476,0.6887
CRepDyn_static0,False,0,100,3,0.05,0.2,2,0.0,0.0,0.8630791069815461,0.2,0.9230718056973184,0.9216917432185827,-6768.057727203168,-14042.373972789512,0.7371501261640362,0.7624526675748556,0.7385073661104387,0.7696431519918133,0.6814,0.705,0.6793,0.7158
CRepDyn_static0,False,0,100,3,0.05,0.2,3,0.0,0.0,0.7752362542955328,0.2,0.9349146593253255,0.936209689535409,-5155.501018938491,-14294.647938018781,0.761926086702377,0.7932764444857179,0.7637426806207316,0.7927416399286638,0.7135,0.7336,0.7153,0.7419
CRepDyn_static0,False,0,100,3,0.05,0.2,4,0.0,0.0,0.7124309392265196,0.2,0.8854962503204032,0.8857239632037315,-5227.636804226536,-15574.819573093642,0.7816473621423117,0.8064304256989485,0.785020268031166,0.8093674265272558,0.7384,0.7487,0.7418,0.7554
CRepDyn_static0,False,0,100,3,0.05,0.2,5,0.0,0.0,0.6654293092317627,0.2,0.8954067330611506,0.8944278550116493,-4580.025823991377,-15805.014687699455,0.7537608302448304,0.7763001551198142,0.7600216663655235,0.7860770444110057,0.7079,0.7122,0.7139,0.7234
CRepDyn_static0,False,0,100,3,0.05,0.2,6,0.0,0.0,0.6289430193288785,0.2,0.8734339299311579,0.8737701173715285,-4820.022639381984,-16780.62162843556,0.7297125025200132,0.757489156339535,0.7276453406919964,0.7550787623731342,0.6833,0.6994,0.6824,0.6893
