algo,constrained,flag_data_T,rseed,K,eta0,beta0,T,eta,eta_aggr,beta,beta_aggr,auc,auc_aggr,loglik,loglik_aggr,CS_U,CS_V,CS_U_aggr,CS_V_aggr,F1_U,F1_V,F1_U_aggr,F1_V_aggr
CRepDyn_static0,False,0,100,3,0.5,0.2,1,0.0,0.0,0.2,0.2,0.8718406641681773,0.8733258568694726,-14435.225090430651,-14603.391788538353,0.677876198453573,0.7191753626975349,0.6818854169152402,0.7197089488979762,0.6244,0.6682,0.6149,0.6576
CRepDyn_static0,False,0,100,3,0.5,0.2,2,0.0,0.0,0.867975365665897,0.2,0.9057611491081888,0.9083889353831691,-7506.975299263131,-14515.266923453186,0.7367588516517941,0.7578109078448996,0.7518067159076518,0.7621146773434264,0.6824,0.7024,0.7058,0.7032
CRepDyn_static0,False,0,100,3,0.5,0.2,3,0.0,0.0,0.776328149462478,0.2,0.910039993442473,0.9113408995728889,-6047.73210240492,-15101.017112056692,0.7751806013236896,0.7957865464598716,0.7817611637352206,0.7990981410848397,0.7155,0.7473,0.7354,0.7548
CRepDyn_static0,False,0,100,3,0.5,0.2,4,0.0,0.0,0.7102362204724411,0.2,0.887344029329223,0.8878480671592068,-6002.348414383669,-16284.5382837779,0.8181598792113602,0.828524418062607,0.8148606993876006,0.8278945282798348,0.7746,0.7863,0.7672,0.7955
CRepDyn_static0,False,0,100,3,0.5,0.2,5,0.0,0.0,0.6610781144274869,0.2,0.878235599444747,0.8780949493833226,-5646.0670779128595,-16957.718321252116,0.8091663646508687,0.8226028850597733,0.8178785262019747,0.8285741053768293,0.7713,0.7778,0.7791,0.7833
CRepDyn_static0,False,0,100,3,0.5,0.2,6,0.0,0.0,0.6240873511806881,0.2,0.8727653406221447,0.8732754644099207,-5595.524548541882,-17623.03907519222,0.7999422939162645,0.8025114057720494,0.802016309843098,0.8071975503433789,0.7594,0.7577,0.752,0.7559
